,Aboraginal Identity,None Aboraginal Identity
Western Canada,0.7074316614575582,1.0309520265912586
Central Canada,0.7811322006168404,1.005317208520799
Atlantic Canada,0.8433366316799107,1.0073636093219773
Northern Canada,0.7559378770315346,1.3969151427692745
