,Aboraginal Identity,None Aboraginal Identity
Western Canada,0.07330425673361671,0.9266968624580583
Central Canada,0.024201990412341733,0.9757980095876583
Atlantic Canada,0.051707074436444934,0.9482980534531208
Northern Canada,0.48622937342180983,0.5137119032239121
